Team,year,AB,R,2B,3B,RBI,SB,CS,SO,SH,SF,HBP,AVG,OBP,SLG,OPS,League,Wins,Losses,Win_Pct,Home_Wins,Home_Losses,Away_Wins,Away_Losses,Home_WinDiff,Away_WinDiff,Total_WinDiff,GS,CG,SHO,IP,ER,K,W,L,SV,BS,HLD,ERA,WHIP
ARI,2025,135.52941176470588,20.294117647058822,7.411764705882353,0.8235294117647058,19.88235294117647,3.1176470588235294,0.8823529411764706,30.41176470588235,0.7058823529411765,1.4705882352941178,1.7647058823529411,0.21294117647058824,0.292764705882353,0.35905882352941176,0.6518235294117647,National League,34.0,34.0,0.5,18.0,17.0,16.0,17.0,1.0,-1.0,0.0,5.4,0.0,0.0,47.78,24.666666666666668,43.766666666666666,2.966666666666667,2.433333333333333,1.2666666666666666,0.8333333333333334,2.8333333333333335,6.658,1.6563333333333332
ATL,2025,119.89473684210526,14.368421052631579,4.947368421052632,0.3157894736842105,13.842105263157896,1.894736842105263,0.631578947368421,30.526315789473685,0.3684210526315789,0.631578947368421,1.1578947368421053,0.2054736842105263,0.27321052631578946,0.3157368421052632,0.5889473684210526,National League,29.0,38.0,0.433,17.0,14.0,12.0,24.0,3.0,-12.0,-9.0,5.785714285714286,0.07142857142857142,0.03571428571428571,51.11071428571428,19.75,55.464285714285715,3.1785714285714284,2.607142857142857,1.4285714285714286,0.7857142857142857,2.357142857142857,5.466428571428572,1.4635714285714287
BAL,2025,106.33333333333333,12.380952380952381,4.666666666666667,0.42857142857142855,11.523809523809524,2.380952380952381,0.6190476190476191,28.142857142857142,0.09523809523809523,1.0,1.380952380952381,0.1838095238095238,0.24133333333333334,0.2976190476190476,0.538952380952381,American League,27.0,40.0,0.403,13.0,19.0,14.0,21.0,-6.0,-7.0,-13.0,5.0625,0.0,0.0,44.746875,19.59375,43.125,2.84375,2.21875,1.4375,0.65625,3.5,4.6528125,1.27125
BOS,2025,135.77777777777777,19.166666666666668,7.555555555555555,0.5,18.38888888888889,3.388888888888889,0.7777777777777778,36.111111111111114,0.2777777777777778,0.7777777777777778,1.8333333333333333,0.23594444444444443,0.3045555555555556,0.39105555555555555,0.6956111111111111,American League,34.0,36.0,0.486,19.0,17.0,15.0,19.0,2.0,-4.0,-2.0,5.0625,0.03125,0.03125,45.015625,20.4375,42.28125,2.53125,2.53125,1.25,0.84375,2.625,5.36125,1.421875
CHC,2025,141.0,22.294117647058822,7.411764705882353,0.8823529411764706,21.823529411764707,4.9411764705882355,0.8823529411764706,32.294117647058826,0.35294117647058826,1.2941176470588236,1.0,0.23441176470588235,0.30317647058823527,0.38111764705882356,0.6842941176470587,National League,42.0,27.0,0.609,21.0,11.0,21.0,16.0,10.0,5.0,15.0,4.909090909090909,0.030303030303030304,0.0,43.1030303030303,18.09090909090909,40.84848484848485,2.515151515151515,2.393939393939394,1.1515151515151516,0.8181818181818182,2.3333333333333335,3.8821212121212127,1.3227272727272728
CIN,2025,110.04761904761905,14.80952380952381,5.428571428571429,0.3333333333333333,14.238095238095237,2.8095238095238093,1.0,28.952380952380953,0.2857142857142857,0.7142857142857143,1.0476190476190477,0.22733333333333333,0.29823809523809525,0.38057142857142856,0.6788095238095238,National League,35.0,34.0,0.507,18.0,16.0,17.0,18.0,2.0,-1.0,1.0,5.225806451612903,0.03225806451612903,0.0,45.71290322580645,20.741935483870968,44.193548387096776,2.4838709677419355,2.7419354838709675,1.1612903225806452,0.4838709677419355,2.4838709677419355,5.160645161290322,1.4851612903225806
CLE,2025,121.38888888888889,14.722222222222221,5.166666666666667,0.3333333333333333,13.944444444444445,3.0,0.8888888888888888,30.38888888888889,0.5,1.3333333333333333,1.5,0.20466666666666666,0.2791666666666667,0.31827777777777777,0.5974444444444444,American League,35.0,32.0,0.522,19.0,15.0,16.0,17.0,4.0,-1.0,3.0,5.551724137931035,0.0,0.0,48.90689655172414,19.724137931034484,48.62068965517241,3.1724137931034484,2.3793103448275863,1.8275862068965518,0.5517241379310345,4.068965517241379,3.736551724137931,1.2906896551724139
COL,2025,94.125,9.333333333333334,4.5,0.9166666666666666,9.208333333333334,1.3333333333333333,0.6666666666666666,27.0,0.2916666666666667,0.5833333333333334,0.875,0.20695833333333333,0.2670416666666667,0.33025,0.5972916666666667,National League,13.0,55.0,0.191,7.0,27.0,6.0,28.0,-20.0,-22.0,-42.0,4.909090909090909,0.0,0.0,43.00606060606061,26.333333333333332,33.878787878787875,1.8484848484848484,3.0606060606060606,1.121212121212121,0.8484848484848485,1.878787878787879,9.792121212121211,2.18060606060606
CWS,2025,89.84,9.68,4.24,0.16,9.28,1.96,0.56,23.68,0.4,0.72,0.56,0.20096,0.27464,0.29919999999999997,0.57384,American League,23.0,46.0,0.333,16.0,18.0,7.0,28.0,-2.0,-21.0,-23.0,4.764705882352941,0.0,0.0,41.550000000000004,21.676470588235293,40.1764705882353,1.2058823529411764,3.5588235294117645,0.6176470588235294,1.0588235294117647,1.911764705882353,5.054411764705883,1.6123529411764705
DET,2025,107.72727272727273,15.227272727272727,4.863636363636363,0.5909090909090909,14.590909090909092,1.1363636363636365,0.2727272727272727,28.272727272727273,0.18181818181818182,0.7727272727272727,1.2272727272727273,0.2601818181818182,0.3234090909090909,0.38727272727272727,0.7106818181818182,American League,45.0,25.0,0.643,23.0,9.0,22.0,16.0,14.0,6.0,20.0,6.48,0.04,0.04,57.576,23.24,54.16,3.44,3.04,1.8,1.04,3.0,3.4339999999999997,1.1328
HOU,2025,141.5625,17.3125,6.1875,0.375,16.5,2.5625,0.8125,32.3125,0.5,1.125,1.8125,0.2140625,0.272375,0.316625,0.589,American League,38.0,30.0,0.559,24.0,13.0,14.0,17.0,11.0,-3.0,8.0,5.366666666666666,0.06666666666666667,0.03333333333333333,47.513333333333335,19.9,49.3,2.933333333333333,2.4,1.4333333333333333,0.8666666666666667,3.2,8.847333333333333,1.9726666666666666
KC,2025,122.3157894736842,12.157894736842104,5.842105263157895,0.6842105263157895,11.947368421052632,2.789473684210526,1.2105263157894737,25.0,0.7894736842105263,1.1578947368421053,1.1578947368421053,0.23505263157894737,0.2866842105263158,0.35363157894736846,0.6403157894736843,American League,34.0,35.0,0.493,19.0,16.0,15.0,19.0,3.0,-4.0,-1.0,5.785714285714286,0.07142857142857142,0.0,50.59285714285714,21.285714285714285,47.785714285714285,3.0714285714285716,2.7142857142857144,1.4642857142857142,0.8214285714285714,2.75,4.5475,1.4039285714285714
LAA,2025,111.15,14.25,4.6,0.35,13.75,1.55,0.6,32.45,0.3,0.85,1.55,0.19025,0.24420000000000003,0.3278,0.572,American League,33.0,34.0,0.493,15.0,16.0,18.0,18.0,-1.0,0.0,-1.0,4.628571428571429,0.0,0.0,40.52,20.685714285714287,35.77142857142857,1.8,2.8285714285714287,1.0,0.5142857142857142,1.9142857142857144,5.018,1.4685714285714286
LAD,2025,131.94444444444446,21.166666666666668,6.5,0.6666666666666666,20.27777777777778,2.3333333333333335,0.6666666666666666,31.833333333333332,0.16666666666666666,1.3333333333333333,1.3333333333333333,0.23588888888888887,0.311,0.38705555555555554,0.6980555555555555,National League,41.0,28.0,0.594,23.0,11.0,18.0,17.0,12.0,1.0,13.0,4.2631578947368425,0.02631578947368421,0.02631578947368421,37.75,16.5,36.578947368421055,2.5789473684210527,1.6842105263157894,1.3157894736842106,0.7105263157894737,2.710526315789474,4.785,1.361315789473684
MIA,2025,107.14285714285714,12.571428571428571,5.285714285714286,0.38095238095238093,12.095238095238095,2.5238095238095237,1.0952380952380953,25.61904761904762,0.6666666666666666,0.7142857142857143,0.7619047619047619,0.23885714285714285,0.30266666666666664,0.3496190476190476,0.6522857142857144,National League,25.0,41.0,0.379,14.0,20.0,11.0,21.0,-6.0,-10.0,-16.0,3.951219512195122,0.024390243902439025,0.024390243902439025,34.599999999999994,18.146341463414632,32.09756097560975,1.5121951219512195,2.4390243902439024,0.8048780487804879,0.6585365853658537,2.024390243902439,5.004634146341464,1.4139024390243902
MIL,2025,145.3125,19.0625,5.8125,0.4375,17.625,5.375,1.25,35.6875,0.9375,1.0,1.75,0.21587499999999998,0.29112499999999997,0.3333125,0.6244375,National League,37.0,33.0,0.529,21.0,14.0,16.0,19.0,7.0,-3.0,4.0,4.764705882352941,0.0,0.0,42.16764705882353,17.058823529411764,40.35294117647059,2.735294117647059,2.0294117647058822,1.5588235294117647,0.5588235294117647,2.4411764705882355,3.525588235294118,1.2891176470588235
MIN,2025,114.35,14.45,5.5,0.4,13.85,1.7,0.65,27.7,0.05,0.75,2.1,0.21835,0.2863,0.3402,0.6265,American League,36.0,32.0,0.529,20.0,12.0,16.0,20.0,8.0,-4.0,4.0,5.225806451612903,0.03225806451612903,0.0,46.00645161290323,21.903225806451612,48.38709677419355,2.6451612903225805,2.5806451612903225,1.3870967741935485,0.6129032258064516,2.806451612903226,4.329032258064516,1.325483870967742
NYM,2025,127.88888888888889,17.72222222222222,6.5,0.7222222222222222,17.22222222222222,3.2222222222222223,0.5,29.333333333333332,0.16666666666666666,1.3333333333333333,2.5555555555555554,0.22861111111111113,0.31133333333333335,0.38222222222222224,0.6935555555555556,National League,45.0,24.0,0.652,27.0,7.0,18.0,17.0,20.0,1.0,21.0,4.628571428571429,0.02857142857142857,0.02857142857142857,40.93142857142857,18.114285714285714,41.542857142857144,2.5428571428571427,2.085714285714286,1.1142857142857143,0.7142857142857143,2.8285714285714287,6.341428571428571,1.55
NYY,2025,151.73333333333332,24.4,8.0,0.7333333333333333,23.466666666666665,3.4,1.0,39.13333333333333,0.13333333333333333,1.6666666666666667,2.066666666666667,0.24273333333333333,0.3266666666666667,0.41806666666666664,0.7447333333333332,American League,42.0,25.0,0.627,21.0,12.0,21.0,13.0,9.0,8.0,17.0,5.225806451612903,0.0,0.0,46.57419354838709,19.483870967741936,47.0,3.032258064516129,2.193548387096774,1.4516129032258065,0.6774193548387096,2.7096774193548385,4.862903225806452,1.449032258064516
PHI,2025,144.75,19.5,6.5,0.625,18.5,3.875,0.8125,33.4375,0.4375,0.9375,1.5,0.22468749999999998,0.30175,0.3328125,0.6345625,National League,39.0,29.0,0.574,21.0,13.0,18.0,16.0,8.0,2.0,10.0,6.230769230769231,0.19230769230769232,0.15384615384615385,55.02307692307692,23.46153846153846,55.11538461538461,3.6538461538461537,2.576923076923077,1.4230769230769231,0.7307692307692307,3.0,7.475384615384616,1.7384615384615385
PIT,2025,104.86363636363636,10.318181818181818,4.0,0.5909090909090909,9.863636363636363,2.9545454545454546,0.8636363636363636,27.863636363636363,0.22727272727272727,0.5909090909090909,1.2727272727272727,0.19781818181818184,0.2699090909090909,0.2887272727272727,0.5586363636363636,National League,28.0,42.0,0.4,19.0,19.0,9.0,23.0,0.0,-14.0,-14.0,5.225806451612903,0.03225806451612903,0.0,46.02903225806452,21.451612903225808,43.74193548387097,2.4516129032258065,2.774193548387097,1.3870967741935485,0.8709677419354839,2.774193548387097,5.615161290322581,1.5080645161290323
SD,2025,117.36842105263158,14.68421052631579,5.0,0.5263157894736842,13.526315789473685,2.736842105263158,0.6842105263157895,24.94736842105263,0.8947368421052632,1.0526315789473684,0.8947368421052632,0.18726315789473683,0.26552631578947367,0.27252631578947367,0.5380526315789474,National League,38.0,29.0,0.567,21.0,12.0,17.0,17.0,9.0,0.0,9.0,6.48,0.04,0.04,57.284,24.68,58.12,3.72,2.76,1.76,0.92,3.36,4.389600000000001,1.2612
SEA,2025,114.6,14.55,4.25,0.2,14.1,3.25,0.95,30.05,0.5,0.65,1.65,0.22205,0.29355,0.35275,0.6463,American League,33.0,34.0,0.493,16.0,17.0,17.0,17.0,-1.0,0.0,-1.0,6.230769230769231,0.038461538461538464,0.0,54.66538461538461,21.307692307692307,54.46153846153846,3.269230769230769,2.9615384615384617,1.3076923076923077,0.8461538461538461,3.3461538461538463,4.534230769230769,1.2707692307692307
SF,2025,113.3,14.7,5.1,0.55,14.0,2.1,0.75,29.2,0.6,1.1,1.15,0.19495,0.25955,0.2958,0.55535,National League,40.0,29.0,0.58,22.0,11.0,18.0,18.0,11.0,0.0,11.0,5.785714285714286,0.07142857142857142,0.07142857142857142,50.80714285714286,23.142857142857142,51.285714285714285,2.857142857142857,2.9285714285714284,1.2857142857142858,0.6428571428571429,3.5,5.964285714285714,1.6389285714285715
STL,2025,137.58823529411765,18.58823529411765,7.117647058823529,0.23529411764705882,17.705882352941178,2.235294117647059,0.7647058823529411,31.470588235294116,0.47058823529411764,1.1764705882352942,2.0,0.24317647058823533,0.3109411764705883,0.36888235294117644,0.6798235294117647,National League,36.0,33.0,0.522,22.0,14.0,14.0,19.0,8.0,-5.0,3.0,6.75,0.0,0.0,59.85833333333333,27.0,54.5,3.4583333333333335,3.2916666666666665,2.2916666666666665,1.1666666666666667,4.291666666666667,4.094166666666667,1.2683333333333333
TB,2025,119.52631578947368,15.842105263157896,5.631578947368421,0.15789473684210525,15.052631578947368,5.052631578947368,1.0,30.263157894736842,0.21052631578947367,1.0526315789473684,1.105263157894737,0.27142105263157895,0.3349473684210526,0.3883157894736842,0.7232631578947369,American League,36.0,32.0,0.529,23.0,20.0,13.0,12.0,3.0,1.0,4.0,5.586206896551724,0.0,0.0,49.37586206896552,20.82758620689655,48.44827586206897,2.7586206896551726,2.8275862068965516,1.7586206896551724,0.7241379310344828,3.8620689655172415,3.4741379310344827,1.213103448275862
TEX,2025,107.33333333333333,12.142857142857142,4.0476190476190474,0.2857142857142857,11.857142857142858,2.9523809523809526,0.8095238095238095,26.61904761904762,0.14285714285714285,0.8095238095238095,1.0952380952380953,0.18880952380952382,0.26495238095238094,0.2927142857142857,0.5576666666666666,American League,33.0,36.0,0.478,20.0,13.0,13.0,23.0,7.0,-10.0,-3.0,4.909090909090909,0.0,0.0,42.9030303030303,21.03030303030303,41.54545454545455,2.3636363636363638,2.5454545454545454,1.1515151515151516,0.5757575757575758,2.303030303030303,5.604848484848485,1.5036363636363637
TOR,2025,127.61111111111111,16.444444444444443,6.611111111111111,0.16666666666666666,15.833333333333334,2.111111111111111,0.6111111111111112,25.666666666666668,0.8888888888888888,1.2222222222222223,1.2222222222222223,0.24177777777777779,0.31222222222222223,0.37272222222222223,0.6849444444444445,American League,38.0,30.0,0.559,22.0,13.0,16.0,17.0,9.0,-1.0,8.0,5.225806451612903,0.0967741935483871,0.03225806451612903,45.65806451612904,21.903225806451612,42.38709677419355,2.3870967741935485,2.838709677419355,1.1612903225806452,0.7419354838709677,2.7096774193548385,6.250967741935484,1.4893548387096776
WAS,2025,124.88888888888889,15.666666666666666,6.166666666666667,0.5555555555555556,14.88888888888889,3.1666666666666665,1.2777777777777777,28.833333333333332,0.5555555555555556,0.7777777777777778,1.8888888888888888,0.23716666666666666,0.28994444444444445,0.36133333333333334,0.6512777777777778,National League,30.0,38.0,0.441,15.0,18.0,15.0,20.0,-3.0,-5.0,-8.0,6.75,0.0,0.0,59.40416666666667,28.5,54.75,2.9583333333333335,3.7916666666666665,1.6666666666666667,0.9166666666666666,3.3333333333333335,6.02,1.5179166666666666
